[{
  "_id": "5eee1b1e-3c25-4f43-aa31-ca4e571a2a7a",
  "mail": "kaspianturbo@gmail.com",
  "roles": 1
},
{
  "_id": "9271dce1-376b-47a6-81ca-6fb8d652b6b0",
  "mail": "dmitriy.bulova@gmail.com",
  "roles": 2
},
{
  "_id": "0ce3d0fa-e5e6-4152-a36d-621e51c48912",
  "mail": "frntprog@gmail.com",
  "roles": 3
},
{
  "_id": "7c664c87-b0bb-4867-8515-2ad5862154a6",
  "mail": "natalie.smirnowa@gmail.com",
  "roles": 2
},
{
  "_id": "ee0e0c8b-3087-43c1-b995-a863b88104be",
  "mail": "2701taya@gmail.com",
  "roles": 3
},
{
  "_id": "ff5c7483-859d-4bee-9b27-c9025cb9ac57",
  "mail": "andrei.kazuk85@gmail.com",
  "roles": 2
},
{
  "_id": "3b239600-3511-4083-81d8-61ddd64b4894",
  "mail": "exihomoty@gmail.com",
  "roles": 2
},
{
  "_id": "586f55a1-3fb7-4e7f-a977-27af4fa3a029",
  "mail": "zvasilenko@exadel.com",
  "roles": 3
}]