[{
  "_id": "Автомобильное",
  "language": "russian"
},{
  "_id": "Дом",
  "language": "russian"
},{
  "_id": "Игрушки",
  "language": "russian"
},{
  "_id": "Книги",
  "language": "russian"
},{
  "_id": "Меха",
  "language": "russian"
},{
  "_id": "Одежда",
  "language": "russian"
},{
  "_id": "Пряжа",
  "language": "russian"
},{
  "_id": "Галантерея",
  "language": "russian"
},{
  "_id": "Спорт",
  "language": "russian"
},{
  "_id": "Электроника",
  "language": "russian"
},{
  "_id": "детское",
  "language": "russian"
},{
  "_id": "для малышей",
  "language": "russian"
},{
  "_id": "здоровье",
  "language": "russian"
},{
  "_id": "игры",
  "language": "russian"
},{
  "_id": "компьютеры",
  "language": "russian"
},{
  "_id": "Фильмы",
  "language": "russian"
},{
  "_id": "обувь",
  "language": "russian"
},{
  "_id": "промышленное",
  "language": "russian"
},{
  "_id": "красота",
  "language": "russian"
},{
  "_id": "музыка",
  "language": "russian"
},{
  "_id": "Бакалея",
  "language": "russian"
},{
  "_id": "садинструмент",
  "language": "russian"
},{
  "_id": "туризм",
  "language": "russian"
},{
  "_id": "украшения",
  "language": "russian"
},{
  "_id": "Automotive",
  "translations": [
    {
      "_id": "Automotive",
      "language": "english"
    }
  ]
},{
  "_id": "Baby",
  "translations": [
    {
      "_id": "Baby",
      "language": "english"
    }
  ]
},{
  "_id": "Beauty",
  "translations": [
    {
      "_id": "Beauty",
      "language": "english"
    }
  ]
},{
  "_id": "Books",
  "translations": [
    {
      "_id": "Books",
      "language": "english"
    }
  ]
},{
  "_id": "Clothing",
  "translations": [
    {
      "_id": "Clothing",
      "language": "english"
    }
  ]
},{
  "_id": "Computers",
  "translations": [
    {
      "_id": "Computers",
      "language": "english"
    }
  ]
},{
  "_id": "Electronics",
  "translations": [
    {
      "_id": "Electronics",
      "language": "english"
    }
  ]
},{
  "_id": "Games",
  "translations": [
    {
      "_id": "Games",
      "language": "english"
    }
  ]
},{
  "_id": "Garden",
  "translations": [
    {
      "_id": "Garden",
      "language": "english"
    }
  ]
},{
  "_id": "Grocery",
  "translations": [
    {
      "_id": "Grocery",
      "language": "english"
    }
  ]
},{
  "_id": "Health",
  "translations": [
    {
      "_id": "Health",
      "language": "english"
    }
  ]
},{
  "_id": "Home",
  "translations": [
    {
      "_id": "Home",
      "language": "english"
    }
  ]
},{
  "_id": "Industrial",
  "translations": [
    {
      "_id": "Industrial",
      "language": "english"
    }
  ]
},{
  "_id": "Jewelery",
  "translations": [
    {
      "_id": "Jewelery",
      "language": "english"
    }
  ]
},{
  "_id": "Kids",
  "translations": [
    {
      "_id": "Kids",
      "language": "english"
    }
  ]
},{
  "_id": "Movies",
  "translations": [
    {
      "_id": "Movies",
      "language": "english"
    }
  ]
},{
  "_id": "Music",
  "translations": [
    {
      "_id": "Music",
      "language": "english"
    }
  ]
},{
  "_id": "Outdoors",
  "translations": [
    {
      "_id": "Outdoors",
      "language": "english"
    }
  ]
},{
  "_id": "Shoes",
  "translations": [
    {
      "_id": "Shoes",
      "language": "english"
    }
  ]
},{
  "_id": "Sports",
  "translations": [
    {
      "_id": "Sports",
      "language": "english"
    }
  ]
},{
  "_id": "Tools",
  "translations": [
    {
      "_id": "Tools",
      "language": "english"
    }
  ]
},{
  "_id": "Toys",
  "translations": [
    {
      "_id": "Toys",
      "language": "english"
    }
  ]
},{
  "_id": "еда",
  "language": "russian"
},{
  "_id": "аквапарк",
  "language": "russian"
},{
  "_id": "вода",
  "language": "russian"
},{
  "_id": "бассейн",
  "language": "russian"
},{
  "_id": "развлечения",
  "language": "russian"
},{
  "_id": "активный отдых",
  "language": "russian"
},{
  "_id": "для всей семьи",
  "language": "russian"
},{
  "_id": "для детей",
  "language": "russian"
},{
  "_id": "аттракционы",
  "language": "russian"
},{
  "_id": "боулинг",
  "language": "russian"
},{
  "_id": "отдых",
  "language": "russian"
},{
  "_id": "шашлык",
  "language": "russian"
},{
  "_id": "доставка еды",
  "language": "russian"
},{
  "_id": "кафе",
  "language": "russian"
},{
  "_id": "ресторан",
  "language": "russian"
},{
  "_id": "ужин",
  "language": "russian"
},{
  "_id": "обед",
  "language": "russian"
},{
  "_id": "суши",
  "language": "russian"
},{
  "_id": "рестораны",
  "language": "russian"
},{
  "_id": "японская кухня",
  "language": "russian"
},{
  "_id": "косметика",
  "language": "russian"
},{
  "_id": "парфюмерия",
  "language": "russian"
},{
  "_id": "магазин косметики",
  "language": "russian"
},{
  "_id": "уход",
  "language": "russian"
},{
  "_id": "для женщин",
  "language": "russian"
},{
  "_id": "цветы",
  "language": "russian"
},{
  "_id": "подарки",
  "language": "russian"
},{
  "_id": "свадьба",
  "language": "russian"
},{
  "_id": "тюльпаны",
  "language": "russian"
},{
  "_id": "розы",
  "language": "russian"
},{
  "_id": "магазин цветов",
  "language": "russian"
},{
  "_id": "доставка цветов",
  "language": "russian"
},{
  "_id": "фастфуд",
  "language": "russian"
},{
  "_id": "завтрак",
  "language": "russian"
},{
  "_id": "курица",
  "language": "russian"
},{
  "_id": "спорт",
  "language": "russian"
},{
  "_id": "фитнес",
  "language": "russian"
},{
  "_id": "тренажерный зал",
  "language": "russian"
},{
  "_id": "спортзал",
  "language": "russian"
},{
  "_id": "лабиринт",
  "language": "russian"
},{
  "_id": "виртуальная реальность",
  "language": "russian"
},{
  "_id": "технологии",
  "language": "russian"
},{
  "_id": "стрижка",
  "language": "russian"
},{
  "_id": "барбершоп",
  "language": "russian"
},{
  "_id": "для мужчин",
  "language": "russian"
},{
  "_id": "борода",
  "language": "russian"
},{
  "_id": "мужская стрижка",
  "language": "russian"
},{
  "_id": "Аквааэробика",
  "language": "russian"
},{
  "_id": "плавание",
  "language": "russian"
},{
  "_id": "животные",
  "language": "russian"
},{
  "_id": "зоопарк",
  "language": "russian"
},{
  "_id": "природа",
  "language": "russian"
},{
  "_id": "птицы",
  "language": "russian"
},{
  "_id": "шиномонтаж",
  "language": "russian"
},{
  "_id": "авто",
  "language": "russian"
},{
  "_id": "релакс",
  "language": "russian"
},{
  "_id": "массаж",
  "language": "russian"
},{
  "_id": "спа",
  "language": "russian"
},{
  "_id": "салон красоты",
  "language": "russian"
},{
  "_id": "уход за волосам",
  "language": "russian"
},{
  "_id": "кератин",
  "language": "russian"
},{
  "_id": "ботокс",
  "language": "russian"
},{
  "_id": "корги",
  "language": "russian"
},{
  "_id": "собаки",
  "language": "russian"
},{
  "_id": "ждя женщин",
  "language": "russian"
},{
  "_id": "маникюр",
  "language": "russian"
},{
  "_id": "педикюр",
  "language": "russian"
},{
  "_id": "ногти",
  "language": "russian"
},{
  "_id": "салоны красоты",
  "language": "russian"
},{
  "_id": "закуски",
  "language": "russian"
},{
  "_id": "рыба",
  "language": "russian"
},{
  "_id": "пироги",
  "language": "russian"
},{
  "_id": "торт",
  "language": "russian"
},{
  "_id": "пирог",
  "language": "russian"
},{
  "_id": "пиццерия",
  "language": "russian"
},{
  "_id": "пицца",
  "language": "russian"
},{
  "_id": "узбекская кухня",
  "language": "russian"
},{
  "_id": "напитки",
  "language": "russian"
},{
  "_id": "чай",
  "language": "russian"
},{
  "_id": "коктейль",
  "language": "russian"
},{
  "_id": "азиатская кухня",
  "language": "russian"
},{
  "_id": "полезная еда",
  "language": "russian"
},{
  "_id": "салаты",
  "language": "russian"
},{
  "_id": "сож",
  "language": "russian"
},{
  "_id": "грузинская кухня",
  "language": "russian"
},{
  "_id": "хачапури",
  "language": "russian"
},{
  "_id": "солон красоты",
  "language": "russian"
},{
  "_id": "солярий",
  "language": "russian"
},{
  "_id": "баня",
  "language": "russian"
},{
  "_id": "скалодром",
  "language": "russian"
},{
  "_id": "веревочные трассы",
  "language": "russian"
}]