[{
  "_id": "97b248a1-c706-4987-9b31-101429ec2aff",
  "hashPassword": "+SzcAYCGZcD+eov22e4GpybKoLsaoguAIPS0D3Ntj2ATCpcQvvbsitFLFT1IZOTEzjvxTOQ/ISdxSW9x+VmtV1UFTGgIgKPZPKMtkWmyL7SOza6iuFbikXRr6olGNkdRK6KEOSyY0d+S1VZ9RbcGl9eYfppPM5s8xVc7w0FsODw=",
  "mail": "frank@gmail.com",
  "name": "Frank",
  "phoneNumber": "375129802178",
  "roles": 1,
  "salt": "IZmh6o3UgDIHs5rXD3L5hD2momUnLQdyJUrpQNW/",
  "surname": "Habot"
},{
  "_id": "13b4e6a3-42f2-4a43-be4e-7fc15454a7ab",
  "hashPassword": "+fs8G3LGPEg3HFHyJNfv4jAe+a9zKCj4AgZDBVatsGcHW625Ce+QO6cTcI/oLFn2ArUvvYPs7Hs664OPojKm3A6kPAQ77ysqzigxg75xbKS2Cel5Un7BaIBMN+BFRU5CnaXnPQ4rmOENf8p70FbdwWr359pvmTttFWsQAG2iCjI=",
  "mail": "claire@gmail.com",
  "name": "Claire",
  "phoneNumber": "375189672970",
  "roles": 2,
  "salt": "sOVqvk4NWiJ4gbTeVJ19M3V2gG5jOdootBQbTv6v",
  "surname": "Flower"
},{
  "_id": "10c1a0a1-556a-475f-9597-c705dc1cc48b",
  "hashPassword": "voWfJR7QxiT3sTuLZMu+iuYswOika7FU+VTtRhATkhSdzznn7pOnSH1VEsZbNlqWOaRpvTskIlBUmvXwct5KZ94cg3T93dVLmSCenh8VjPmFKTiGHxP+dboJLXjeKQ6BUNoNwn3w5v16OFRH+QgGesrdkWsLi2V5QQ/+BO9VDVA=",
  "mail": "bob@gmail.com",
  "name": "Bob",
  "phoneNumber": "375170807175",
  "roles": 4,
  "salt": "wQFhWPjNcYukdImNixjiATqeQLemqaJA55jQkfgg",
  "surname": "Norris"
}]